{"cameraMode":{"drawMode":0,"name":"Shaded","section":"Shading Mode"},"sceneLighting":false,"audioPlay":false,"sceneViewState":{"showFog":true,"showMaterialUpdate":false,"showSkybox":false,"showFlares":true,"showImageEffects":true,"showParticleSystems":true},"in2DMode":false,"pivot":{"x":-2.8957903385162355,"y":-0.9233109951019287,"z":0.37810802459716799},"rotation":{"x":0.004680234473198652,"y":-0.9714344143867493,"z":0.2365008443593979,"w":0.01922905258834362},"size":3.4185380935668947,"orthographic":false}